 ;Area;Mean;StdDev;Min;Max;X;Y;XM;YM;Major;Minor;Angle;%Area;Type
1;18;730.389;103.354;592;948;435.000;4.722;434.962;4.697;5.987;3.828;168.425;100;A
2;126;718.333;90.367;556;1046;388.087;8.683;388.183;8.687;16.559;9.688;175.471;100;A
3;;;;608;964;;;;7.665;7.359;;101.121;100;A
4;68;686.985;61.169;571;880;126.147;8.809;126.192;8.811;15.136;5.720;168.133;100;A
5;;;69.438;566;792;348.500;7.500;;7.508;;3.088;;100;A
6;669;697.164;72.863;539;957;471.696;26.253;471.694;26.197;36.656;23.237;124.340;100;A
7;5;658.600;49.161;607;710;28.300;8.100;28.284;8.103;3.144;2.025;161.565;100;A
8;7;677.571;49.899;596;768;415.357;8.786;415.360;8.804;4.110;2.168;112.500;100;A
9;14;691.071;63.873;586;808;493.286;9.000;493.295;9.016;5.120;3.481;38.802;100;C
10;39;763.615;88.786;623;1016;157.526;12.731;157.592;12.757;8.815;5.633;46.437;100;C
11;237;702.637;86.661;551;1246;360.175;18.445;360.064;18.427;24.409;12.362;163.931;100;C
12;30;676.600;55.023;575;783;90.133;14.867;90.136;14.890;6.529;5.850;135.000;100;C
13;15;790.600;88.102;692;1025;216.967;15.167;216.942;15.200;5.157;3.703;58.147;100;A
14;39;695.795;74.488;562;915;422.756;15.808;422.774;15.782;10.014;4.959;20.965;100;A
15;1;825.000;0;825;825;432.500;14.500;432.500;14.500;1.128;1.128;0;100;A
16;23;658.565;86.761;536;852;3.978;18.935;4.012;18.930;6.797;4.308;153.573;100;A
17;188;733.984;85.946;540;949;403.846;24.245;403.777;24.228;18.241;13.122;164.073;100;A
18;5;757.400;60.148;680;826;146.900;18.300;146.893;18.303;3.144;2.025;71.565;100;A
19;97;759.412;91.428;569;992;201.448;21.778;201.454;21.711;16.436;7.514;10.130;100;A
20;10;736.700;81.110;573;826;314.800;18.800;314.815;18.806;3.975;3.203;45.000;100;A
21;12;697.250;65.011;603;786;331.000;19.167;331.006;19.163;4.424;3.454;127.238;100;A
22;367;748.188;97.533;574;1059;143.606;32.851;143.523;32.627;26.730;17.482;103.131;100;A
23;35;730.971;87.308;582;953;260.100;23.500;260.083;23.437;8.218;5.422;133.401;100;A
24;17;718.471;78.361;602;875;420.735;23.441;420.727;23.489;5.377;4.025;82.868;100;A
25;45;693.511;80.795;547;878;18.767;28.033;18.762;27.981;8.826;6.492;59.030;100;A
26;123;679.154;68.724;553;888;107.524;30.093;107.524;30.062;13.963;11.216;151.480;100;A
27;105;708.486;83.171;555;1016;335.129;30.300;335.115;30.287;15.566;8.589;160.080;100;A
28;135;673.704;68.508;526;866;81.174;32.115;81.152;32.128;19.787;8.687;178.542;100;A
29;13;686.308;37.915;612;733;380.115;28.423;380.084;28.415;4.616;3.586;127.839;100;A
30;8;676.250;54.798;596;748;32.750;28.375;32.772;28.377;4.444;2.292;35.355;100;A
31;92;707.446;72.455;558;901;422.804;32.750;422.793;32.741;12.681;9.238;72.834;100;A
32;85;683.506;62.879;533;822;493.065;36.406;493.081;36.399;15.792;6.853;67.315;100;A
33;101;695.287;65.223;567;866;371.054;37.163;371.073;37.159;12.339;10.422;65.081;100;A
34;74;691.703;71.047;567;922;445.797;37.851;445.783;37.857;12.531;7.519;19.005;100;A
35;20;699.300;69.843;588;800;120.250;38.250;120.212;38.246;5.142;4.953;45.003;100;A
36;157;724.197;77.255;553;964;259.748;44.443;259.757;44.456;22.554;8.863;54.575;100;A
37;111;715.856;67.806;587;910;404.059;42.239;404.055;42.285;12.823;11.022;149.873;100;A
38;39;672.590;68.638;519;807;503.859;39.782;503.876;39.782;7.830;6.342;50.943;100;A
39;22;723.955;79.660;584;870;213.409;39.409;213.442;39.422;5.554;5.043;134.999;100;A
40;6;737.000;66.672;662;849;302.833;39.167;302.830;39.148;3.489;2.190;135.000;100;A
41;59;727.508;77.822;581;948;191.144;42.059;191.054;42.026;12.910;5.819;169.126;100;A
42;287;751.362;102.285;553;1201;423.399;54.646;423.268;54.738;28.599;12.777;38.179;100;A
43;265;;80.756;572;992;349.919;54.526;349.897;54.530;25.786;13.085;28.034;100;A
44;90;714.111;69.871;556;871;310.256;49.056;310.253;49.075;15.979;7.171;162.072;100;A
45;193;701.062;80.610;517;1017;25.319;51.946;25.369;51.903;23.068;10.653;3.534;100;A
46;46;717.348;93.787;571;924;119.978;49.370;119.967;49.344;8.550;6.850;158.699;100;A
47;407;730.904;76.120;545;986;172.905;58.355;172.872;58.441;24.286;21.338;34.343;100;A
48;42;705.929;87.055;574;997;199.571;50.690;199.579;;7.858;6.805;171.155;100;A
49;147;679.728;63.735;522;865;111.854;60.670;111.856;60.709;22.201;8.431;111.502;100;A
50;31;748.258;82.061;587;929;215.952;52.242;215.966;52.262;7.876;5.011;2.624;100;A
51;291;726.285;110.763;545;1343;455.270;59.610;455.355;59.698;26.250;14.115;175.470;100;A
52;179;696.665;67.719;552;;130.545;62.047;130.553;62.093;18.836;12.099;100.052;100;A
53;28;705.643;77.071;601;963;373.250;54.464;373.237;54.467;7.525;4.738;19.283;100;A
54;63;692.000;69.923;541;869;96.198;59.135;96.185;59.132;10.750;7.462;108.685;100;A
55;17;720.118;82.535;557;863;140.618;55.912;140.632;55.899;5.229;4.140;15.172;100;A
56;19;704.263;71.592;591;833;381.289;58.237;381.334;58.278;6.424;3.766;131.197;100;A
57;106;681.245;72.400;555;953;486.689;59.151;486.645;59.141;17.559;7.686;176.020;100;C
58;26;683.385;58.213;594;801;9.115;58.654;9.122;58.655;6.898;4.799;168.114;100;C
59;4;818.250;74.821;737;890;154.500;58.000;154.547;58.039;3.216;1.583;148.283;100;C
60;345;736.939;81.976;563;1064;333.280;75.143;333.217;75.064;28.890;15.205;96.839;100;C
61;8;718.000;55.162;638;801;83.375;62.625;83.378;62.617;3.538;2.879;135.000;100;C
62;213;740.648;77.860;561;939;392.786;71.317;392.745;71.292;18.382;14.754;125.654;100;C
63;438;774.233;139.132;547;1402;208.192;79.639;208.311;79.366;30.132;18.508;68.795;100;C
64;43;732.698;70.340;610;895;359.337;67.151;359.302;67.167;10.190;5.373;174.677;100;B
65;27;750.296;63.091;632;855;377.574;68.093;377.588;68.082;6.451;5.329;102.492;100;C
66;53;721.321;93.732;583;1022;73.632;69.934;73.594;69.880;9.524;7.085;149.606;100;B
67;115;716.965;70.926;572;918;445.291;74.891;445.274;74.903;14.299;10.240;113.500;100;B
68;16;692.312;68.027;603;850;27.188;70.062;27.146;70.035;5.186;3.928;124.419;100;B
69;76;746.737;68.930;589;963;156.697;76.408;156.672;76.410;16.521;5.857;87.497;100;B
70;283;738.367;102.828;555;1231;420.175;81.443;420.115;81.351;24.602;14.646;93.112;100;C
71;40;689.750;73.412;544;841;8.050;74.575;8.044;74.618;9.374;5.433;111.123;100;A
72;77;713.714;76.429;576;900;141.357;78.526;141.354;78.552;15.105;6.491;82.913;100;A
73;302;766.301;132.624;576;1355;303.381;90.570;303.363;90.846;35.528;10.823;98.150;100;A
74;14;686.000;55.269;614;791;482.500;73.500;482.489;73.503;4.863;3.666;90.000;100;A
75;12;707.167;78.561;563;801;108.167;73.750;108.136;73.785;4.164;3.669;19.805;100;A
76;41;742.463;83.872;597;970;370.085;77.037;370.090;77.053;8.362;6.243;112.000;100;A
77;10;728.400;81.435;609;847;320.300;76.800;320.314;;4.456;2.857;71.778;100;A
78;14;681.643;66.101;552;796;508.214;77.000;508.169;77.034;4.264;4.181;90.000;100;A
79;1;769.000;0;769;769;179.500;78.500;179.500;78.500;1.128;1.128;0;100;B
80;109;768.119;70.612;625;1035;171.362;85.197;171.390;85.205;13.619;10.190;167.745;100;B
81;2295;765.239;96.545;558;1431;375.003;134.888;374.982;135.359;65.769;44.429;127.247;100;B
82;57;701.842;65.416;556;899;465.763;82.763;465.724;82.756;9.859;7.361;153.351;100;B
83;36;706.222;92.347;516;929;476.333;83.444;476.389;83.429;7.473;6.134;128.932;100;B
84;6;721.333;41.360;686;799;108.000;82.500;108.010;82.489;3.385;2.257;90.000;100;B
85;281;701.669;73.834;554;939;85.838;93.913;85.737;93.882;38.680;9.250;157.352;100;B
86;161;741.888;86.035;571;1069;190.109;93.922;190.071;93.913;22.015;9.312;83.608;100;B
87;37;684.297;60.448;575;820;491.770;87.824;491.784;87.829;7.900;5.963;68.229;100;B
88;4;743.750;35.697;691;769;377.000;88.000;377.009;88.014;2.257;2.257;0;100;A
89;39;692.385;64.620;593;841;454.141;90.115;454.107;90.115;9.569;5.189;8.590;100;A
90;7;708.143;62.411;629;820;132.643;90.786;132.673;90.813;3.507;2.542;30.473;100;C
91;46;700.130;88.150;553;962;27.652;93.674;27.648;93.687;8.376;6.993;156.779;100;C
92;7;684.857;40.507;634;742;468.786;91.500;468.768;91.513;3.086;2.888;90.000;100;C
93;30;749.233;73.357;621;931;178.267;94.367;178.301;94.365;8.299;4.603;18.534;100;C
94;10;709.200;38.381;653;788;321.500;93.300;321.487;93.301;3.966;3.210;90.000;100;C
95;95;722.137;75.812;584;1026;403.700;98.974;403.679;98.988;13.145;9.202;157.658;100;C
96;42;694.595;75.311;548;838;479.810;98.881;479.849;98.841;11.033;4.847;43.009;100;C
97;92;709.380;73.336;561;975;492.370;101.098;492.367;101.134;15.122;7.746;57.642;100;C
98;204;737.044;86.232;555;1145;331.010;103.417;330.936;103.430;29.263;8.876;21.722;100;C
99;3;761.333;62.963;693;817;176.167;99.167;176.197;99.161;2.365;1.615;45.000;100;C
100;16;707.375;69.373;619;890;129.562;101.250;129.527;101.257;5.582;3.649;45.092;100;C
101;106;747.028;108.675;554;1194;154.198;106.292;154.179;106.295;13.373;10.092;19.870;100;A
102;60;737.517;87.544;570;986;430.267;104.950;430.276;104.965;9.532;8.015;33.438;100;A
103;26;765.846;94.740;661;1088;213.000;105.731;212.983;105.677;6.863;4.824;80.381;100;A
104;62;729.565;72.744;603;976;419.323;106.323;419.282;106.270;9.890;7.982;125.923;100;A
105;262;751.317;117.262;577;1344;180.172;118.458;179.936;118.567;33.067;10.088;21.039;100;A
106;4;807.500;63.825;747;890;283.000;108.000;282.986;107.969;2.257;2.257;0;100;A
107;13;718.769;64.869;623;823;119.115;113.115;119.118;113.158;4.380;3.779;135.000;100;A
108;41;720.098;70.289;590;895;132.012;114.402;131.997;114.413;8.083;6.459;40.126;100;A
109;24;758.708;80.163;628;906;428.000;114.000;428.007;114.032;5.528;5.528;0;100;A
110;94;755.755;90.454;557;1075;215.500;118.404;215.518;118.445;13.900;8.611;130.985;100;A
111;31;719.355;61.972;629;886;405.565;116.919;405.529;116.919;9.484;4.162;167.192;100;A
112;117;671.188;62.047;563;875;38.842;121.551;38.784;121.486;16.354;9.109;568;100;A
113;1;587.000;0;587;587;399.500;117.500;399.500;117.500;1.128;1.128;0;100;A
114;352;721.537;80.105;;1090;155.605;133.148;155.622;133.035;27.991;16.011;87.304;100;C
115;102;715.147;81.952;538;960;125.794;125.696;125.742;125.703;17.001;;148.676;100;A
116;101;735.287;87.783;610;1075;424.411;129.530;424.446;129.549;12.714;10.114;29.403;100;A
117;282;733.681;79.556;562;970;195.241;137.759;195.212;137.768;;17.472;9.008;100;A
118;116;761.198;85.665;596;1042;387.655;131.103;387.693;131.160;13.237;11.158;35.962;100;A
119;44;698.068;60.240;588;834;504.932;130.795;504.995;130.809;11.856;4.725;143.350;100;A
120;11;665.091;76.640;562;766;21.864;129.682;21.844;129.655;4.900;2.859;37.875;100;A
121;9;682.889;46.849;615;751;44.833;129.500;44.829;129.487;4.204;2.726;144.217;100;A
122;10;773.500;56.477;677;851;289.500;132.300;289.474;132.326;3.966;3.210;90.000;100;A
123;81;785.778;73.239;646;986;274.623;140.660;274.660;140.622;13.035;7.912;58.094;100;A
124;5;711.200;42.234;667;772;17.900;135.300;17.911;135.299;3.144;2.025;71.565;100;A
125;27;663.444;59.614;560;806;10.796;137.537;10.825;137.503;7.948;4.325;20.938;100;A
126;29;739.138;73.962;567;925;210.293;139.672;210.321;139.659;8.964;4.119;145.859;100;A
127;9;724.778;91.994;604;837;492.833;138.500;492.873;138.526;4.204;2.726;144.217;100;A
128;3;737.333;93.286;671;844;119.833;139.167;119.803;139.185;2.365;1.615;135.000;100;A
129;92;792.804;90.339;626;1042;286.359;143.880;286.328;143.789;14.653;7.994;127.287;100;A
130;97;730.608;73.907;621;1009;455.015;143.758;455.046;143.729;14.023;8.807;166.459;100;A
131;1;769.000;0;769;769;58.500;139.500;58.500;139.500;1.128;1.128;0;100;A
132;41;689.659;57.773;568;805;503.207;143.671;503.243;143.702;8.021;6.509;126.422;100;A
133;7;690.714;67.007;637;808;127.500;141.214;127.469;141.213;3.086;2.888;0;100;A
134;7;758.714;68.638;666;852;413.786;144.500;413.791;144.525;3.086;2.888;90.000;100;A
135;218;737.326;69.344;590;950;181.610;156.431;181.648;156.396;21.241;13.068;163.942;100;A
136;12;728.333;77.677;610;874;491.333;150.500;491.325;150.450;4.992;3.061;160.195;100;A
137;40;744.800;78.093;599;912;138.325;156.775;138.326;156.787;9.092;5.601;168.638;100;A
138;9;782.333;92.878;631;;221.389;158.056;221.394;158.032;;2.511;116.565;100;A
139;15;810.067;119.078;658;1023;289.233;161.567;289.240;161.592;5.235;3.648;62.451;100;A
140;19;813.158;87.945;672;961;216.079;162.605;216.051;162.564;5.550;4.359;77.179;100;A
141;23;670.391;72.106;547;812;46.891;163.413;46.873;163.425;6.569;4.458;146.694;100;A
142;2;718.000;8.485;712;724;82.000;162.500;82.004;162.500;2.257;1.128;0;100;A
143;96;669.531;60.578;558;834;22.615;170.083;22.587;170.104;16.460;7.426;36.965;100;C
144;360;800.708;116.521;563;1351;188.783;181.894;188.837;181.903;32.594;14.063;25.671;100;A
145;143;772.007;79.176;633;1104;382.122;176.353;382.152;176.391;21.783;8.358;27.136;100;C
146;186;735.710;73.762;560;954;408.032;179.188;408.025;179.162;21.956;10.786;80.262;100;B
147;5;672.000;59.127;591;742;45.700;169.900;45.655;169.912;3.144;2.025;161.565;100;B
148;58;715.259;70.669;563;878;440.172;175.914;440.148;175.908;10.448;7.068;112.358;100;B
149;66;717.439;73.098;583;944;97.682;180.727;97.724;180.767;15.050;5.584;143.218;100;C
150;44;833.136;93.373;707;1041;213.023;178.250;212.991;178.366;9.265;6.047;77.460;100;C
151;15;721.600;55.036;628;825;471.167;178.767;471.151;178.782;4.759;4.014;5.884;100;C
152;53;662.434;48.090;554;797;41.198;184.972;41.191;184.992;11.950;5.647;53.447;100;A
153;10;677.800;70.682;594;779;67.300;180.500;67.279;180.467;3.966;3.210;0;100;A
154;81;667.802;55.405;529;820;21.463;191.537;21.499;191.484;16.695;6.178;77.069;100;A
155;1;744.000;0;744;744;7.500;187.500;7.500;187.500;1.128;1.128;0;100;A
156;103;727.282;64.234;557;870;448.675;195.354;448.664;195.291;15.797;8.302;83.475;100;A
157;251;788.904;96.584;599;1322;378.719;202.038;378.680;202.104;19.691;16.230;110.540;100;A
158;364;756.986;79.074;594;1046;418.027;209.393;417.884;209.501;32.683;14.180;52.965;100;A
159;56;770.786;77.284;622;997;395.589;197.375;395.587;197.365;13.330;5.349;146.023;100;A
160;31;697.871;55.109;569;805;494.661;195.984;494.654;195.967;6.733;5.862;155.050;100;A
161;38;706.605;63.546;561;838;85.447;196.737;85.442;196.734;9.383;5.156;2.846;100;A
162;209;;65.902;543;921;472.620;;472.679;204.020;18.607;14.302;145.312;100;A
163;27;660.704;54.161;569;750;43.759;197.722;43.767;197.730;9.639;3.566;175.243;100;A
164;90;691.967;58.625;545;845;99.789;201.367;99.810;201.398;11.793;9.717;31.284;100;A
165;97;763.753;69.059;620;955;351.284;201.479;351.288;201.433;13.654;9.045;59.138;100;B
166;281;759.431;93.808;549;1182;294.731;214.091;294.678;214.121;25.542;14.008;16.511;100;A
167;16;779.375;60.684;685;901;138.750;205.875;138.726;205.885;4.841;4.208;14.872;100;A
168;19;754.421;71.362;670;947;406.079;206.658;406.063;206.663;6.844;3.534;17.602;100;A
169;64;753.344;89.079;594;993;128.969;212.312;128.952;212.299;9.377;8.690;30.804;100;A
170;41;772.195;89.512;627;938;270.720;212.744;270.718;212.761;9.045;5.771;88.577;100;A
171;48;912.938;183.174;699;1523;241.542;212.542;241.297;212.578;10.472;5.836;29.953;100;A
172;77;726.442;71.930;588;978;94.461;215.890;94.462;215.837;12.405;7.903;92.498;100;A
173;129;776.899;84.406;611;1092;387.500;219.322;387.450;219.314;20.925;7.849;19.342;100;A
174;12;740.417;48.182;656;801;79.583;219.333;79.594;219.286;4.911;3.111;80.583;100;A
175;1;807.000;0;807;807;50.500;220.500;50.500;220.500;1.128;1.128;0;100;A
176;303;776.924;90.981;591;1114;353.411;233.249;353.365;233.349;27.952;13.802;46.796;100;A
177;53;751.547;68.734;610;895;127.142;227.519;127.167;227.519;13.014;5.185;107.236;100;A
178;3;796.667;107.482;677;885;400.167;224.167;400.217;224.130;2.365;1.615;45.000;100;A
179;143;775.140;83.926;600;1016;400.843;232.990;400.803;232.997;21.916;8.308;151.407;100;A
180;3;729.667;20.404;712;752;484.167;227.833;484.156;227.831;2.365;1.615;135.000;100;A
181;64;757.391;64.998;608;917;319.484;232.812;319.468;232.734;11.333;7.190;131.715;100;A
182;6;768.500;104.745;672;946;389.000;229.500;388.953;229.530;3.385;2.257;90.000;100;A
183;437;747.055;116.428;563;1441;469.477;249.138;469.318;249.123;29.758;18.698;106.863;100;A
184;159;;;;;;;;;;;37.005;100;C
185;20;695.300;80.833;571;878;9.050;239.200;9.097;239.217;7.034;3.620;16.958;100;C
186;2;805.000;149.907;;911;493.500;239.000;493.500;239.066;2.257;1.128;90.000;100;C
187;106;722.245;62.330;592;947;443.604;245.547;443.607;245.545;22.578;5.978;18.338;100;C
188;116;725.440;74.708;564;976;42.612;249.802;42.648;249.816;15.254;9.683;157.733;100;C
189;5;845.800;61.487;744;909;335.900;244.700;335.918;244.708;3.144;2.025;108.435;100;C
190;2755;859.928;235.458;539;3880;108.710;302.158;110.999;300.247;144.475;24.280;39.318;100;C
191;263;801.300;153.857;577;1501;379.097;260.063;379.398;260.025;25.274;13.249;1.952;100;C
192;187;700.631;71.394;544;989;11.719;270.115;11.687;270.272;27.752;8.579;85.297;100;C
193;11;713.364;54.691;635;812;498.864;255.045;498.879;255.062;5.091;2.751;138.797;100;C
194;522;779.778;114.888;556;1402;416.690;271.418;416.570;271.320;32.561;20.412;123.786;100;C
195;53;811.000;101.508;640;1091;118.462;262.991;118.448;262.952;8.445;7.991;73.319;100;C
196;234;839.679;189.218;562;1844;179.265;270.936;179.268;270.466;25.860;11.521;99.753;100;C
197;27;724.704;67.704;614;884;458.204;266.278;458.206;266.286;9.039;3.803;66.821;100;C
198;64;840.891;89.202;652;1089;130.406;271.562;130.424;271.590;11.557;7.051;96.138;100;C
199;12;812.833;112.411;683;1034;196.167;271.250;196.195;271.224;4.164;3.669;160.195;100;C
200;74;753.446;75.470;588;956;357.257;273.959;357.223;273.942;16.174;5.825;8.944;100;C
201;15;712.867;76.545;594;873;29.300;272.433;29.249;272.476;5.402;3.536;171.112;100;C
202;311;769.598;84.478;564;1069;377.506;281.220;377.394;281.261;27.395;14.454;18.290;100;A
203;73;830.137;130.285;637;1226;208.185;278.048;208.214;278.010;11.244;8.266;12.420;100;A
204;9;731.000;56.456;641;803;78.722;278.611;78.711;278.648;4.200;2.729;119.518;100;A
205;21;730.143;75.153;599;896;470.833;279.357;470.844;279.334;5.538;4.828;129.608;100;A
206;4;758.000;60.238;694;833;285.000;279.000;284.969;278.985;2.257;2.257;0;100;A
207;164;764.171;100.685;601;1147;463.433;289.951;463.342;290.030;15.173;13.762;4.261;100;A
208;118;767.441;86.676;609;1078;199.898;291.136;199.912;291.163;16.146;9.305;115.823;100;A
209;1821;847.761;122.074;600;1510;287.795;321.115;288.074;321.824;55.879;41.492;112.124;100;A
210;2;771.000;29.698;750;792;394.000;286.500;394.014;286.500;2.257;1.128;0;100;A
211;15;707.400;86.798;583;881;66.967;290.633;66.990;290.643;5.350;3.570;3.327;100;C
212;22;748.500;82.419;620;890;151.727;290.909;151.761;290.906;6.735;4.159;172.791;100;A
213;7;774.143;36.672;723;814;377.500;290.214;377.490;290.193;3.086;2.888;0;100;A
214;4;751.250;63.248;660;801;169.500;293.000;169.453;293.028;3.216;1.583;31.717;100;A
215;30;764.000;71.772;613;873;395.600;295.467;395.604;295.477;7.761;4.922;159.117;100;A
216;59;757.949;81.123;609;1044;448.771;298.975;448.749;299.015;9.480;7.924;56.153;100;A
217;109;862.982;265.987;591;1846;142.353;301.940;142.284;301.974;12.483;11.118;95.435;100;A
218;45;734.556;64.030;623;871;192.189;299.744;192.178;299.745;11.050;5.185;131.624;100;A
219;1;763.000;0;763;763;411.500;296.500;411.500;296.500;1.128;1.128;0;100;A
220;26;730.269;63.761;593;904;484.231;299.846;484.247;299.867;6.659;4.972;57.682;100;A
221;40;723.400;74.109;621;935;51.925;302.175;51.883;302.184;8.608;5.916;13.144;100;A
222;131;782.679;108.250;605;1173;208.752;305.363;208.969;305.425;20.862;7.995;168.963;100;A
223;193;758.668;84.161;587;1045;407.355;307.402;407.440;307.378;24.876;9.878;26.849;100;A
224;1;797.000;0;797;797;428.500;299.500;428.500;299.500;1.128;1.128;0;100;A
225;415;762.839;95.700;567;1087;169.796;319.271;169.838;319.290;39.417;13.405;119.957;100;A
226;107;750.486;110.583;548;1108;40.388;308.893;40.384;308.872;13.768;9.895;71.585;100;A
227;35;764.429;69.358;641;936;80.386;308.986;80.441;308.995;7.712;5.778;157.124;100;A
228;41;729.854;86.433;621;1012;69.988;310.720;70.019;310.758;8.045;6.489;178.444;100;A
229;46;808.848;76.042;671;956;294.152;311.283;294.216;311.258;8.963;6.535;42.782;100;A
230;423;752.440;90.047;568;1167;468.349;316.072;468.036;316.029;49.232;10.940;171.646;100;A
231;18;828.111;88.631;677;1029;317.778;311.389;317.773;311.341;5.088;4.504;115.406;100;B
232;2;776.500;112.430;697;856;495.500;311.000;495.500;310.949;2.257;1.128;90.000;100;A
233;27;738.407;71.667;612;905;196.352;313.352;196.340;313.344;6.983;4.923;148.053;100;A
234;25;736.280;68.838;617;917;128.380;317.860;128.385;317.862;7.775;4.094;152.740;100;A
235;7;698.429;57.055;613;778;57.786;317.500;57.774;317.487;3.086;2.888;90.000;100;A
236;58;742.276;73.150;595;953;203.500;323.017;203.515;323.010;12.397;5.957;151.129;100;A
237;193;756.244;87.146;592;1038;434.111;327.837;434.104;327.884;20.013;12.279;42.496;100;A
238;5;723.200;40.027;681;781;149.900;321.300;149.894;321.288;3.144;2.025;71.565;100;A
239;10;759.000;88.379;588;889;217.900;324.000;217.875;324.057;5.848;2.177;90.000;100;A
240;8;662.500;58.111;593;748;36.500;324.000;36.511;324.000;3.489;2.919;90.000;100;A
241;11;736.455;102.074;628;976;130.227;325.136;130.180;325.178;6.487;2.159;78.379;100;B
242;92;829.272;85.627;631;1075;230.141;328.446;230.138;328.437;15.731;7.446;9.378;100;B
243;144;816.965;123.633;637;1214;414.354;334.396;414.347;334.444;14.904;12.302;108.052;100;B
244;128;749.250;70.718;601;949;454.328;336.367;454.326;336.312;21.556;7.560;75.971;100;B
245;18;710.500;56.400;606;814;132.833;331.500;132.843;331.464;5.349;4.285;90.000;100;B
246;73;756.247;88.153;596;958;467.747;332.308;467.774;332.311;12.900;7.205;176.056;100;B
247;18;694.389;59.715;566;799;40.722;331.944;40.665;331.936;6.129;3.739;159.126;100;B
248;48;726.125;63.911;611;880;162.375;335.250;162.360;335.228;8.500;7.190;94.895;100;B
249;25;749.960;81.282;603;917;486.380;336.580;486.327;336.570;6.280;5.069;133.472;100;B
250;344;740.933;77.014;562;1025;98.756;353.186;98.724;353.234;28.954;15.127;89.671;100;B
251;10;754.900;63.360;639;861;117.500;337.700;117.455;337.702;3.966;3.210;90.000;100;B
252;1528;763.777;83.183;572;1172;191.969;385.944;192.487;385.697;63.150;30.808;34.424;100;B
253;171;713.532;90.658;544;1014;8.003;347.208;7.954;347.275;16.873;12.904;142.654;100;B
254;40;731.925;64.211;615;886;192.500;344.750;192.484;344.718;9.310;5.471;89.308;100;B
255;237;764.468;87.220;577;1028;239.770;353.639;239.901;353.663;18.644;16.186;149.900;100;B
256;20;839.750;88.204;677;982;285.000;348.350;285.021;348.447;10.169;2.504;102.148;100;B
257;80;732.775;63.673;585;921;441.113;349.663;441.141;349.686;14.390;7.079;137.344;100;B
258;182;758.055;102.930;564;1098;476.615;352.192;476.659;352.239;16.809;13.786;4.768;100;B
259;53;749.717;90.099;564;1026;160.953;349.802;160.987;349.789;9.016;7.485;66.927;100;B
260;11;813.636;82.664;673;990;264.955;347.318;264.938;347.250;4.507;3.107;138.972;100;B
261;72;738.764;67.156;607;886;135.194;350.778;135.163;350.831;13.620;6.731;26.738;100;A
262;19;761.368;69.641;667;920;426.342;349.026;426.312;349.060;6.021;4.018;18.435;100;A
263;52;744.327;87.422;609;972;119.000;357.135;118.997;357.156;8.787;7.535;137.048;100;A
264;91;778.385;120.547;586;1133;182.038;359.291;182.058;359.324;11.743;9.867;162.269;100;A
265;1252;793.371;117.139;579;1668;262.071;394.497;262.268;394.326;60.154;26.500;50.147;100;A
266;103;701.913;78.846;545;997;75.811;363.209;75.777;363.246;15.752;8.326;42.463;100;A
267;37;739.865;79.585;605;950;164.554;359.824;164.519;359.837;8.017;5.876;9.484;100;A
268;117;821.949;123.324;615;1360;257.697;364.491;257.675;364.435;13.663;10.903;105.719;100;A
269;79;735.266;73.498;610;992;17.842;366.956;17.814;366.993;10.620;9.471;71.465;100;A
270;11;746.273;67.902;670;848;195.409;364.136;195.463;364.172;4.384;3.195;105.071;100;B
271;24;802.125;68.999;685;946;369.417;365.500;369.419;365.530;7.322;4.174;109.592;100;A
272;14;759.214;56.607;648;838;483.786;365.000;483.790;365.018;4.264;4.181;90.000;100;A
273;13;750.769;32.983;694;812;464.808;365.500;464.831;365.507;5.067;3.267;0;100;B
274;96;793.573;90.356;636;1004;305.583;372.854;305.575;372.902;11.719;10.430;36.385;100;A
275;85;720.753;57.678;576;849;103.453;378.653;103.481;378.650;16.462;6.574;87.879;100;A
276;9;736.444;78.416;615;855;164.611;370.167;164.623;370.197;3.919;2.924;110.301;100;C
277;47;734.298;69.227;584;876;92.883;374.564;92.867;374.570;9.625;6.217;86.994;100;C
278;29;747.724;67.786;636;875;122.086;375.879;122.105;375.827;12.652;2.918;53.842;100;C
279;109;782.174;88.920;591;1082;240.913;375.739;240.953;375.714;14.088;9.851;14.558;100;A
280;118;736.780;68.332;606;916;179.797;377.466;179.822;377.452;14.203;10.578;28.009;100;A
281;33;807.545;90.694;654;996;271.197;377.258;271.157;377.280;7.215;5.823;63.408;100;A
282;63;704.937;72.562;582;950;62.833;379.373;62.825;379.484;11.193;7.167;31.279;100;A
283;5;768.000;61.899;725;872;83.300;375.900;83.260;375.916;3.144;2.025;18.435;100;A
284;44;733.091;56.851;640;891;132.614;378.659;132.610;378.683;9.155;6.120;169.782;100;A
285;28;775.750;74.836;650;918;191.571;379.321;191.669;379.281;7.311;4.876;13.952;100;A
286;2;777.500;75.660;724;831;145.500;380.000;145.500;380.034;2.257;1.128;90.000;100;A
287;48;737.458;80.224;578;972;53.583;388.917;53.575;388.897;10.173;6.008;112.907;100;B
288;122;767.631;98.203;580;1055;87.861;392.328;87.941;392.365;20.798;7.469;147.874;100;A
289;261;747.843;87.714;545;1068;131.381;393.596;131.357;393.586;21.613;15.375;172.301;100;B
290;11;711.818;75.698;565;832;492.955;387.864;492.936;387.831;3.994;3.507;18.435;100;A
291;171;778.216;78.342;612;1020;298.716;393.868;298.752;393.845;18.776;11.596;20.423;100;A
292;32;769.688;81.302;635;984;369.281;389.625;369.297;389.610;7.353;5.541;175.411;100;A
293;66;746.636;61.959;594;872;393.864;396.742;393.873;396.702;15.426;5.448;95.103;100;A
294;6;780.000;89.695;689;916;230.333;393.667;230.312;393.668;3.140;2.433;45.000;100;A
295;10;727.300;53.961;653;843;346.700;393.400;346.668;393.427;4.049;3.144;26.565;100;A
296;74;759.311;92.749;571;1083;104.041;398.027;104.022;398.024;10.899;8.645;166.123;100;A
297;27;760.852;55.552;670;900;224.907;397.944;224.889;397.955;6.441;5.337;129.713;100;A
298;118;766.720;71.269;610;980;367.992;400.788;367.992;400.792;17.830;8.426;4.778;100;A
299;179;758.374;80.279;582;1034;82.830;408.740;82.841;408.673;22.008;10.356;99.373;100;A
300;3;807.667;20.648;784;822;145.500;400.500;145.502;400.500;3.385;1.128;0;100;A
301;141;776.206;90.351;571;1033;415.826;407.216;415.877;407.183;21.688;8.278;43.085;100;A
302;18;736.944;52.476;637;824;187.389;405.056;187.391;405.034;5.105;4.489;149.089;100;A
303;19;759.263;57.814;682;901;313.763;405.079;313.753;405.105;8.685;2.785;6.590;100;A
304;15;781.733;111.445;620;1026;469.633;406.700;469.665;406.701;5.243;3.643;9.899;100;A
305;33;787.636;100.451;664;1112;99.197;410.379;99.218;410.384;7.126;5.896;27.805;100;A
306;7;742.143;49.737;651;800;148.786;408.071;148.764;408.085;4.154;2.146;171.650;100;A
307;1;877.000;0;877;877;388.500;407.500;388.500;407.500;1.128;1.128;0;100;A
308;154;777.331;77.987;608;981;303.786;415.338;303.794;415.334;18.463;10.620;171.775;100;A
309;6;830.833;73.920;726;932;324.833;409.167;324.832;409.157;3.489;2.190;135.000;100;A
310;1;866.000;0;866;866;343.500;408.500;343.500;408.500;1.128;1.128;0;100;A
311;4;777.750;45.375;717;822;435.250;409.500;435.252;409.534;2.734;1.863;90.000;100;A
312;18;724.889;53.261;624;802;54.944;411.389;54.938;411.367;5.945;3.855;27.024;100;A
313;136;788.221;82.259;620;1092;360.235;416.463;360.305;416.450;25.207;6.869;17.982;100;A
314;223;781.045;78.397;630;1020;338.061;427.648;338.083;427.622;24.320;11.675;91.528;100;A
315;160;765.056;88.049;586;1080;440.925;420.644;440.961;420.649;19.955;10.209;165.818;100;A
316;11;754.455;74.749;639;883;27.409;417.136;27.385;417.150;4.384;3.195;105.071;100;A
317;9;689.778;38.118;647;771;18.167;417.944;18.148;417.936;4.196;2.731;83.953;100;A
318;30;734.167;75.858;617;921;63.900;419.200;63.893;419.187;6.505;5.872;84.747;100;A
319;362;775.445;82.669;603;1090;388.326;426.464;388.254;426.503;30.107;15.309;162.888;100;A
320;323;776.728;96.355;576;1161;231.856;433.776;231.682;433.595;33.877;12.140;120.625;100;A
321;21;747.714;62.799;650;863;463.881;420.071;463.838;420.073;6.279;4.258;7.202;100;A
322;64;791.297;75.151;612;970;322.328;424.469;322.291;424.482;10.446;7.801;57.958;100;A
323;118;779.144;81.790;599;992;418.780;424.559;418.817;424.546;15.040;9.989;1.704;100;A
324;37;742.757;64.986;623;916;200.959;424.554;200.968;424.550;9.117;5.167;150.409;100;B
325;44;728.045;51.423;628;846;280.932;426.682;280.941;426.664;7.910;7.083;131.950;100;A
326;93;734.785;71.374;592;970;149.640;431.005;149.610;431.048;15.271;7.754;47.477;100;A
327;119;782.059;75.994;633;971;356.071;431.113;356.116;431.083;25.216;6.009;33.615;100;A
328;20;724.800;62.957;625;833;139.450;427.250;139.484;427.285;5.713;4.457;42.920;100;A
329;148;761.318;82.314;588;997;264.074;434.216;264.045;434.204;17.432;10.810;80.612;100;A
330;24;707.833;89.268;554;966;502.542;430.042;502.554;430.038;6.090;5.017;108.023;100;A
331;2;787.500;38.891;760;815;194.500;431.000;194.500;431.017;2.257;1.128;90.000;100;A
332;346;872.095;377.767;535;3113;203.052;440.694;202.083;441.016;32.651;13.492;19.634;100;A
333;11;772.727;52.273;694;891;433.955;431.864;433.955;431.884;3.994;3.507;18.435;100;A
334;17;724.765;72.641;581;885;17.265;434.794;17.248;434.772;4.964;4.360;132.882;100;A
335;65;782.246;87.165;604;1009;408.392;439.100;408.398;439.133;10.270;8.058;89.736;100;A
336;52;732.981;77.629;595;945;36.423;441.212;36.402;441.179;9.696;6.829;54.850;100;A
337;3;758.667;106.006;652;864;73.833;436.833;73.834;436.786;2.365;1.615;45.000;100;A
338;150;740.487;65.358;599;960;83.920;447.907;83.972;447.834;20.110;9.497;74.776;100;A
339;804;773.343;81.584;555;1096;320.157;454.174;320.251;454.188;50.389;20.316;166.671;100;A
340;52;758.596;83.759;619;1057;437.731;442.808;437.716;442.805;14.395;4.599;30.070;100;A
341;14;772.143;68.785;670;932;383.000;441.000;382.994;440.964;4.849;3.676;45.000;100;A
342;184;762.918;75.748;607;1005;447.696;449.832;447.734;449.813;28.065;8.348;34.797;100;A
343;228;747.825;71.199;587;959;163.044;452.285;163.009;452.283;29.912;9.705;166.896;100;A
344;127;726.197;69.504;598;951;63.492;451.563;63.534;451.605;17.026;9.497;131.517;100;A
345;140;767.571;79.209;586;1008;274.836;456.114;274.847;456.065;20.106;8.866;85.218;100;A
346;2;668.500;74.246;616;721;44.000;448.000;43.961;448.039;2.596;981;45.000;100;A
347;183;747.967;81.599;576;983;256.150;456.243;256.157;456.277;17.066;13.653;130.244;100;A
348;27;733.963;65.274;631;845;368.352;453.019;368.356;453.057;6.773;5.076;86.889;100;A
349;136;727.287;66.253;559;904;475.772;456.750;475.703;456.734;19.223;9.008;152.523;100;A
350;35;720.400;64.304;564;839;504.300;454.929;504.296;454.937;8.074;5.520;178.551;100;A
351;64;724.562;62.514;596;897;386.734;459.578;386.766;459.544;12.944;6.295;56.996;100;A
352;294;751.952;81.722;564;1061;92.415;471.272;92.411;471.200;25.743;14.541;91.970;100;A
353;190;747.111;75.196;594;928;219.447;462.737;219.387;462.706;27.735;8.722;169.270;100;A
354;26;738.731;65.662;597;871;457.538;458.846;457.523;458.837;6.150;5.383;8.644;100;A
355;1;781.000;0;781;781;422.500;457.500;422.500;457.500;1.128;1.128;0;100;A
356;86;703.384;87.755;557;1018;8.593;467.709;8.608;467.745;11.958;9.157;108.961;100;A
357;69;762.000;172.493;556;1441;125.210;466.572;125.249;466.588;10.148;8.657;153.322;100;A
358;25;725.880;74.920;615;913;487.980;469.780;487.949;469.729;8.610;3.697;116.490;100;A
359;205;700.898;78.908;544;1200;42.422;475.095;42.368;475.138;18.120;14.405;12.617;100;A
360;59;727.966;73.403;591;904;186.466;474.754;186.459;474.794;11.586;6.484;88.685;100;A
361;65;739.785;75.206;596;987;243.300;472.208;243.279;472.204;10.362;7.987;14.977;100;A
362;7;716.714;75.394;615;826;459.214;468.929;459.269;468.923;4.154;2.146;171.650;100;A
363;182;733.610;65.082;588;893;408.440;475.341;408.411;475.364;19.330;11.988;177.870;100;A
364;182;771.159;149.542;576;1441;159.225;478.549;159.016;478.474;21.415;10.821;148.910;100;A
365;6;750.333;58.555;697;827;171.000;471.500;171.032;471.517;3.385;2.257;90.000;100;A
366;8;778.875;54.025;725;857;266.625;471.750;266.630;471.771;4.444;2.292;125.355;100;B
367;32;744.750;82.313;601;909;313.375;474.438;313.392;474.437;6.775;6.014;45.524;100;A
368;165;782.091;86.912;617;1085;325.803;480.591;325.714;480.656;16.212;12.958;32.243;100;A
369;85;746.106;108.574;556;1146;106.324;477.218;106.299;477.210;11.125;9.728;179.721;100;A
370;75;763.013;59.346;639;874;292.673;476.900;292.690;476.880;10.746;8.887;17.459;100;B
371;98;743.755;69.588;585;928;260.786;481.398;260.800;481.392;15.658;7.969;8.731;100;A
372;41;708.537;51.484;611;807;14.012;481.110;14.039;481.099;8.660;6.028;104.967;100;A
373;2;749.000;141.421;649;849;455.500;478.000;455.500;477.933;2.257;1.128;90.000;100;A
374;5;688.400;54.340;603;747;68.700;478.900;68.693;478.926;3.144;2.025;161.565;100;A
375;41;761.220;76.213;596;917;345.720;482.695;345.690;482.638;8.927;5.848;126.097;100;A
376;99;753.545;88.039;574;1079;439.581;488.490;439.567;488.566;16.692;7.552;86.205;100;B
377;2;820.500;47.376;787;854;56.000;483.500;56.020;483.500;2.257;1.128;0;100;B
378;63;741.222;80.823;601;907;185.198;489.214;185.192;489.249;12.776;6.278;72.786;100;B
379;45;703.622;69.027;603;870;26.211;488.478;26.230;488.469;7.811;7.336;138.020;100;B
380;5;740.400;82.099;645;861;403.900;487.300;403.881;487.262;3.144;2.025;71.565;100;B
381;20;760.900;61.119;655;876;339.400;489.300;339.390;489.310;5.392;4.723;116.565;100;B
382;45;734.356;68.637;575;867;171.500;494.789;171.492;494.739;14.630;3.916;95.698;100;B
383;94;746.617;85.198;550;1021;194.032;498.223;194.014;498.239;17.295;6.920;52.720;100;B
384;35;776.257;74.746;611;961;268.957;493.586;268.977;;;5.990;111.193;100;A
385;35;739.286;;593;928;291.871;493.843;291.871;493.806;;5.352;79.368;100;A
386;14;736.143;81.533;646;902;315.000;493.000;314.989;493.003;;3.676;45.000;100;A
387;152;801.599;111.328;582;1263;348.487;497.632;348.451;497.675;17.773;10.889;11.829;100;A
388;17;742.706;69.624;620;884;420.500;496.382;420.513;;;3.663;49.457;100;A
389;60;758.033;77.309;601;947;259.000;499.300;258.990;499.289;9.476;8.062;90.000;100;A
390;12;714.833;67.294;551;785;240.167;498.167;240.179;498.148;4.606;3.317;168.690;100;A
391;23;695.043;67.356;611;846;49.891;503.022;49.882;502.979;6.454;4.537;73.243;100;A